Workbook
Name ordertable: Orders!$A$1:$H$7
Name pro: Products!$A$2:$C$7

Sheet Products
A1: ProductID | B1: Product | C1: Price | D1: Order place or not | E1: Total Quantity Sold
A2: 101 | B2: Product A | C2: 120 | D2: =IF(ISNA(VLOOKUP(A2, Orders!$B$2:$B$7, 1, FALSE)), "Not Ordered", "Ordered") -> Ordered | E2: =VLOOKUP(A2, Orders!$B$2:$D$7, 2, FALSE) -> 2
A3: 102 | B3: Product B | C3: 150 | D3: =IF(ISNA(VLOOKUP(A3, Orders!$B$2:$B$7, 1, FALSE)), "Not Ordered", "Ordered") -> Ordered | E3: =VLOOKUP(A3, Orders!$B$2:$D$7, 2, FALSE) -> 5
A4: 103 | B4: Product C | C4: 200 | D4: =IF(ISNA(VLOOKUP(A4, Orders!$B$2:$B$7, 1, FALSE)), "Not Ordered", "Ordered") -> Ordered | E4: =VLOOKUP(A4, Orders!$B$2:$D$7, 2, FALSE) -> 1
A5: 104 | B5: Product D | C5: 90 | D5: =IF(ISNA(VLOOKUP(A5, Orders!$B$2:$B$7, 1, FALSE)), "Not Ordered", "Ordered") -> Ordered | E5: =VLOOKUP(A5, Orders!$B$2:$D$7, 2, FALSE) -> 6
A6: 105 | B6: Product E | C6: 220 | D6: =IF(ISNA(VLOOKUP(A6, Orders!$B$2:$B$7, 1, FALSE)), "Not Ordered", "Ordered") -> Ordered | E6: =VLOOKUP(A6, Orders!$B$2:$D$7, 2, FALSE) -> 4
A7: 106 | B7: Product F | C7: 130 | D7: =IF(ISNA(VLOOKUP(A7, Orders!$B$2:$B$7, 1, FALSE)), "Not Ordered", "Ordered") -> Ordered | E7: =VLOOKUP(A7, Orders!$B$2:$D$7, 2, FALSE) -> 3

Sheet Orders
A1: OrderID | B1: ProductID | C1: Quantity | D1: Poduct Name | E1: Product Price | F1: Total Price | G1: Product exist on products table | H1: Discount Price per unit | I1: Max Order value
A2: 1 | B2: 101 | C2: 2 | D2: =VLOOKUP(B2,[0]!pro,2,0) -> Product A | E2: =VLOOKUP(B2,[0]!pro,3,0) -> 120 | F2: =E2*C2 -> 240 | G2: =IF(ISNA(VLOOKUP(B2, Products!$A$2:$C$7, 1, FALSE)), "Missing", "Exists") -> Exists | H2: =VLOOKUP(B2, Products!$A$2:$C$7, 3, FALSE) * 0.9 -> 108 | I2: =MAX(F2:F7) -> 880
A3: 2 | B3: 103 | C3: 1 | D3: =VLOOKUP(B3,[0]!pro,2,0) -> Product C | E3: =VLOOKUP(B3,[0]!pro,3,0) -> 200 | F3: =E3*C3 -> 200 | G3: =IF(ISNA(VLOOKUP(B3, Products!$A$2:$C$7, 1, FALSE)), "Missing", "Exists") -> Exists | H3: =VLOOKUP(B3, Products!$A$2:$C$7, 3, FALSE) * 0.9 -> 180
A4: 3 | B4: 105 | C4: 4 | D4: =VLOOKUP(B4,[0]!pro,2,0) -> Product E | E4: =VLOOKUP(B4,[0]!pro,3,0) -> 220 | F4: =E4*C4 -> 880 | G4: =IF(ISNA(VLOOKUP(B4, Products!$A$2:$C$7, 1, FALSE)), "Missing", "Exists") -> Exists | H4: =VLOOKUP(B4, Products!$A$2:$C$7, 3, FALSE) * 0.9 -> 198
A5: 4 | B5: 106 | C5: 3 | D5: =VLOOKUP(B5,[0]!pro,2,0) -> Product F | E5: =VLOOKUP(B5,[0]!pro,3,0) -> 130 | F5: =E5*C5 -> 390 | G5: =IF(ISNA(VLOOKUP(B5, Products!$A$2:$C$7, 1, FALSE)), "Missing", "Exists") -> Exists | H5: =VLOOKUP(B5, Products!$A$2:$C$7, 3, FALSE) * 0.9 -> 117
A6: 5 | B6: 102 | C6: 5 | D6: =VLOOKUP(B6,[0]!pro,2,0) -> Product B | E6: =VLOOKUP(B6,[0]!pro,3,0) -> 150 | F6: =E6*C6 -> 750 | G6: =IF(ISNA(VLOOKUP(B6, Products!$A$2:$C$7, 1, FALSE)), "Missing", "Exists") -> Exists | H6: =VLOOKUP(B6, Products!$A$2:$C$7, 3, FALSE) * 0.9 -> 135
A7: 6 | B7: 104 | C7: 6 | D7: =VLOOKUP(B7,[0]!pro,2,0) -> Product D | E7: =VLOOKUP(B7,[0]!pro,3,0) -> 90 | F7: =E7*C7 -> 540 | G7: =IF(ISNA(VLOOKUP(B7, Products!$A$2:$C$7, 1, FALSE)), "Missing", "Exists") -> Exists | H7: =VLOOKUP(B7, Products!$A$2:$C$7, 3, FALSE) * 0.9 -> 81
